{
  "accuracy": 0.9067,
  "cv_accuracy_mean": 0.8981,
  "cv_accuracy_std": 0.0033,
  "per_class": {
    "malaria": {
      "precision": 0.94375,
      "recall": 0.94375,
      "f1-score": 0.94375,
      "support": 160.0
    },
    "dengue": {
      "precision": 0.9693251533742331,
      "recall": 0.9875,
      "f1-score": 0.978328173374613,
      "support": 160.0
    },
    "pneumonia": {
      "precision": 0.9325153374233128,
      "recall": 0.95,
      "f1-score": 0.9411764705882353,
      "support": 160.0
    },
    "heat_stroke": {
      "precision": 0.9811320754716981,
      "recall": 0.975,
      "f1-score": 0.9780564263322884,
      "support": 160.0
    },
    "cholera": {
      "precision": 0.8853503184713376,
      "recall": 0.86875,
      "f1-score": 0.8769716088328076,
      "support": 160.0
    },
    "typhoid": {
      "precision": 0.9305555555555556,
      "recall": 0.8375,
      "f1-score": 0.881578947368421,
      "support": 160.0
    },
    "tuberculosis": {
      "precision": 0.9751552795031055,
      "recall": 0.98125,
      "f1-score": 0.9781931464174455,
      "support": 160.0
    },
    "gastroenteritis": {
      "precision": 0.7976190476190477,
      "recall": 0.8375,
      "f1-score": 0.8170731707317073,
      "support": 160.0
    },
    "anemia": {
      "precision": 0.9375,
      "recall": 0.9375,
      "f1-score": 0.9375,
      "support": 160.0
    },
    "jaundice": {
      "precision": 0.8246753246753247,
      "recall": 0.79375,
      "f1-score": 0.8089171974522293,
      "support": 160.0
    },
    "urinary_tract_infection": {
      "precision": 0.7484662576687117,
      "recall": 0.7625,
      "f1-score": 0.7554179566563467,
      "support": 160.0
    },
    "asthma_attack": {
      "precision": 0.9382716049382716,
      "recall": 0.95,
      "f1-score": 0.9440993788819876,
      "support": 160.0
    },
    "common_cold": {
      "precision": 0.9440993788819876,
      "recall": 0.95,
      "f1-score": 0.9470404984423676,
      "support": 160.0
    },
    "flu": {
      "precision": 0.8658536585365854,
      "recall": 0.8875,
      "f1-score": 0.8765432098765432,
      "support": 160.0
    },
    "chickenpox": {
      "precision": 0.9316770186335404,
      "recall": 0.9375,
      "f1-score": 0.9345794392523364,
      "support": 160.0
    },
    "accuracy": 0.9066666666666666,
    "macro avg": {
      "precision": 0.9070630673835142,
      "recall": 0.9066666666666664,
      "f1-score": 0.906615041613822,
      "support": 2400.0
    },
    "weighted avg": {
      "precision": 0.907063067383514,
      "recall": 0.9066666666666666,
      "f1-score": 0.906615041613822,
      "support": 2400.0
    }
  },
  "confusion_matrix": [
    [
      151,
      0,
      0,
      1,
      0,
      2,
      0,
      0,
      1,
      0,
      1,
      0,
      1,
      3,
      0
    ],
    [
      0,
      158,
      0,
      0,
      0,
      1,
      0,
      0,
      0,
      0,
      0,
      0,
      0,
      1,
      0
    ],
    [
      0,
      0,
      152,
      0,
      0,
      0,
      0,
      1,
      0,
      0,
      0,
      5,
      0,
      2,
      0
    ],
    [
      0,
      0,
      0,
      156,
      1,
      0,
      0,
      1,
      0,
      0,
      0,
      2,
      0,
      0,
      0
    ],
    [
      0,
      0,
      0,
      0,
      139,
      0,
      0,
      19,
      0,
      0,
      2,
      0,
      0,
      0,
      0
    ],
    [
      3,
      2,
      0,
      1,
      0,
      134,
      0,
      6,
      1,
      0,
      2,
      0,
      1,
      5,
      5
    ],
    [
      0,
      0,
      1,
      0,
      0,
      0,
      157,
      0,
      2,
      0,
      0,
      0,
      0,
      0,
      0
    ],
    [
      0,
      1,
      0,
      0,
      17,
      0,
      0,
      134,
      0,
      3,
      4,
      0,
      0,
      1,
      0
    ],
    [
      0,
      0,
      0,
      1,
      0,
      1,
      0,
      0,
      150,
      3,
      3,
      1,
      0,
      0,
      1
    ],
    [
      1,
      0,
      0,
      0,
      0,
      0,
      1,
      4,
      1,
      127,
      26,
      0,
      0,
      0,
      0
    ],
    [
      1,
      1,
      1,
      0,
      0,
      3,
      1,
      3,
      2,
      20,
      122,
      1,
      2,
      3,
      0
    ],
    [
      0,
      0,
      6,
      0,
      0,
      0,
      0,
      0,
      1,
      0,
      0,
      152,
      1,
      0,
      0
    ],
    [
      0,
      0,
      0,
      0,
      0,
      1,
      1,
      0,
      1,
      0,
      0,
      1,
      152,
      4,
      0
    ],
    [
      4,
      0,
      3,
      0,
      0,
      0,
      0,
      0,
      0,
      0,
      2,
      0,
      4,
      142,
      5
    ],
    [
      0,
      1,
      0,
      0,
      0,
      2,
      1,
      0,
      1,
      1,
      1,
      0,
      0,
      3,
      150
    ]
  ],
  "class_labels": [
    "malaria",
    "dengue",
    "pneumonia",
    "heat_stroke",
    "cholera",
    "typhoid",
    "tuberculosis",
    "gastroenteritis",
    "anemia",
    "jaundice",
    "urinary_tract_infection",
    "asthma_attack",
    "common_cold",
    "flu",
    "chickenpox"
  ],
  "train_size": 9600,
  "test_size": 2400,
  "n_diseases": 15,
  "n_features": 36,
  "model_params": {
    "n_estimators": 200,
    "max_depth": 5,
    "learning_rate": 0.1
  }
}